id,
https://twitter.com/SgtUSMC4LIFE/status/1312230784607162368
https://twitter.com/programasdatv2/status/1278361497886957574
https://twitter.com/its_pruthviraj/status/1312230767112536070
https://twitter.com/rjo71342/status/1312230742659743745
https://twitter.com/Bugatti26841/status/1312230596551176192
https://twitter.com/ElenesJulio/status/1312230590301659137
https://twitter.com/emrullah_inik34/status/1312230573486813184
https://twitter.com/KudchadkarAbhay/status/1312230573188947968
https://twitter.com/BanjaLuka72/status/1312230393995841536
https://twitter.com/takataka1972ab/status/1312230363666604032
https://twitter.com/ManuelC66766892/status/1312230324596879360
https://twitter.com/DavidGr52957428/status/1312230287686995968
https://twitter.com/cryptodavidw/status/1312230266170040320
https://twitter.com/petitchou96/status/1312230257156665345
https://twitter.com/WholeMarsBlog/status/1312230232007401472
https://twitter.com/vague_persona/status/1312230209987338240
https://twitter.com/pltkvandaag/status/1312230153532051461
https://twitter.com/ManuelC66766892/status/1312230151355236352
https://twitter.com/ElenesJulio/status/1312230133881737216
https://twitter.com/nikkibrownlees/status/1312230130727768069
https://twitter.com/WinstonDrayton/status/1312230113661116417
https://twitter.com/TabletConnect/status/1312230038788603905
https://twitter.com/TeslaOwnersEBay/status/1312229987060125700
https://twitter.com/WinstonDrayton/status/1312229984283619328
https://twitter.com/muzsan/status/1312229964343848960
https://twitter.com/_TeslaTom/status/1312229917250080769
https://twitter.com/alisailan5/status/1312229897910259713
https://twitter.com/Insiderz6/status/1312229889810997250
https://twitter.com/abzofsteel1/status/1312229884987609106
https://twitter.com/sean_ring/status/1312229857103839236
https://twitter.com/EisensteinEric/status/1312229856088793089
https://twitter.com/Parthbhoi310/status/1312229855258275840
https://twitter.com/turkce/status/1312229774761181185
https://twitter.com/allig1212/status/1312229673804402689
https://twitter.com/Rehan63409910/status/1312229658918899714
https://twitter.com/Sandra71273520/status/1312229617089032192
https://twitter.com/alexanduurrr/status/1312229519806226432
https://twitter.com/Paradox0Tech/status/1312229497341534208
https://twitter.com/leahbree_/status/1312229426738933762
https://twitter.com/CoolbreezeTony/status/1312229388205862914
https://twitter.com/sureshb88776107/status/1312229366940659713
https://twitter.com/SoilFertilizer/status/1312229356278816768
https://twitter.com/Exit721/status/1312229354575855616
https://twitter.com/SoClaimon/status/1312229354353680384
https://twitter.com/AlexAnuzita/status/1312229348653498372
https://twitter.com/leslievt/status/1312229336393670658
https://twitter.com/bleudawn7/status/1312229335521165312
https://twitter.com/Tomasi_Augusto/status/1312229298087100416
https://twitter.com/DrsergioHernan3/status/1312229288834404363
https://twitter.com/andrew_zeitz/status/1312229276134051845
https://twitter.com/_BRCooper/status/1312229267074359297
https://twitter.com/TeslaStraya/status/1312229169531547648
https://twitter.com/Mattlinn01/status/1312229136358871041
https://twitter.com/TeslaTony310/status/1312229110974832642
https://twitter.com/fsd_sanchez/status/1312229105954324480
https://twitter.com/LoganEl14729679/status/1312229094243868673
https://twitter.com/ElenesJulio/status/1312229067723141120
https://twitter.com/adoracoelhos/status/1312229035251040256
https://twitter.com/piojoakd/status/1312229014929649665
https://twitter.com/kedi20201/status/1312229007950192642
https://twitter.com/misty_musings/status/1312228965415747585
https://twitter.com/tanthallas/status/1312228930280214530
https://twitter.com/tweetki41992393/status/1312228911263211521
https://twitter.com/Sbu27/status/1312228903986122753
https://twitter.com/pkonradg/status/1312228890379722752
https://twitter.com/cdnredneck1960/status/1312228768438775810
https://twitter.com/Inelonwetrust__/status/1312228754198917120
https://twitter.com/Gundament/status/1312228626893615105
https://twitter.com/alexcrown19/status/1312228613840867335
https://twitter.com/Camo__Oficial/status/1312228506730979330
https://twitter.com/nagare_kartik/status/1312228470026498048
https://twitter.com/HugoMatula/status/1312228461348556800
https://twitter.com/XayGotti/status/1312228427693391872
https://twitter.com/felon_fred/status/1312228398975143939
https://twitter.com/techjunkiejh/status/1312228390209048578
https://twitter.com/gerryblevins/status/1312228389621620736
https://twitter.com/LionStockTrader/status/1312228351558520832
https://twitter.com/KDRai12/status/1312228291236057088
https://twitter.com/zlabiz/status/1312228290313154561
https://twitter.com/AlyssaaWiggins/status/1312228245740433409
https://twitter.com/chupaxixi/status/1312228204766203904
https://twitter.com/ekBalam7777/status/1312228188844679168
https://twitter.com/BensGotTheSauce/status/1312228164937056256
https://twitter.com/Manic_Marge/status/1312228155952824321
https://twitter.com/TLagomars/status/1312228100843995137
https://twitter.com/sureshb88776107/status/1312228081713606656
https://twitter.com/mojosusan/status/1312228048138371072
https://twitter.com/AustinTeslaClub/status/1312227982942101504
https://twitter.com/Lindsey_M_J/status/1312227937018576896
https://twitter.com/_jameshatfield_/status/1312227929523392513
https://twitter.com/zlabiz/status/1312227906911825920
https://twitter.com/C_Will01/status/1312227861198188547
https://twitter.com/trybitcoins/status/1312227768797626368
https://twitter.com/WholeMarsBlog/status/1312227747284971520
https://twitter.com/Ly8a/status/1312227713030201344
https://twitter.com/sico_pit/status/1312227616867463170
https://twitter.com/AartvanAcquoij/status/1312227556754624512
https://twitter.com/shahab_khatibi/status/1312227507786186753
https://twitter.com/HenryTorres34/status/1312227476991434754
https://twitter.com/monitorluke/status/1312227427033071616
https://twitter.com/yusufhaniel/status/1312227420020207616
https://twitter.com/DrewTheSilent/status/1312227401384902657
https://twitter.com/jecrosbie/status/1312227401045213185
https://twitter.com/wazound/status/1312227395655458817
https://twitter.com/nofiml/status/1312227379742474240
https://twitter.com/DapiGazep/status/1312227338873114626
https://twitter.com/Benjami98294466/status/1312227315254882306
https://twitter.com/StentoTonys/status/1312227277552398336
https://twitter.com/yahtzeemaster26/status/1312227196610674688
https://twitter.com/ThatRandomTesla/status/1312227178348572672
https://twitter.com/andkenbr/status/1312227161621835777
https://twitter.com/danielcincu/status/1312227122396749825
https://twitter.com/Revex/status/1312227117405474820
https://twitter.com/monitorluke/status/1312227112795824128
https://twitter.com/DolarToday/status/1312227112531767299
https://twitter.com/TeslaClubIN/status/1312227109092220928
https://twitter.com/SilenceTime/status/1312227065027063808
https://twitter.com/VGrinshpun/status/1312227044332392455
https://twitter.com/JainRajsapan/status/1312226961540874240
https://twitter.com/serviza/status/1312226946345041920
https://twitter.com/DWSportsPicks/status/1312226835103703041
https://twitter.com/Bb1Kehn/status/1312226829156007936
https://twitter.com/jasonmudd9/status/1312226798890037251
https://twitter.com/Edourdoo/status/1312226797375811584
https://twitter.com/TeslaClubIN/status/1312226775083020288
https://twitter.com/SnakepitYt/status/1312226762877665280
https://twitter.com/DrewTheSilent/status/1312226754698723332
https://twitter.com/gerryblevins/status/1312226727230205952
https://twitter.com/unarchive/status/1312226721983201282
https://twitter.com/ChuckieJamesJR/status/1312226697085939715
https://twitter.com/ct355/status/1312226620522946560
https://twitter.com/taketotheshores/status/1312226604911931393
https://twitter.com/The_White_Stig_/status/1312226568064753664
https://twitter.com/businessinsider/status/1312226352943321089
https://twitter.com/niks_1985/status/1312226344160428036
https://twitter.com/gholtfrerich/status/1312226277013807105
https://twitter.com/FairDinkumCap/status/1312226261578596352
https://twitter.com/mystealthXflies/status/1312226238161776640
https://twitter.com/makcorppl/status/1312226197636489221
https://twitter.com/Elisabe09456260/status/1312226195136819201
https://twitter.com/420watch/status/1312226185657683968
https://twitter.com/2jzge2015/status/1312226178237947904
https://twitter.com/Feni__Sam/status/1312226143072710656
https://twitter.com/TechTimes_News/status/1312226129172815874
https://twitter.com/TeslaBand/status/1312226128342458368
https://twitter.com/skipdadood/status/1312226118217457664
https://twitter.com/davidmholtom/status/1312226079264792579
https://twitter.com/AustinTeslaClub/status/1312226060440924165
https://twitter.com/MintySharkBot/status/1312226037804208130
https://twitter.com/serviza/status/1312225978689695745
https://twitter.com/BrittonDeLink/status/1312225975485304833
https://twitter.com/tanthallas/status/1312225925807910915
https://twitter.com/6OhSx3aCyhaZb5D/status/1312225922892754946
https://twitter.com/Prism_Eng/status/1312225917742194688
https://twitter.com/Tweetermeyer/status/1312225912880951297
https://twitter.com/findselltrade/status/1312225893436321792
https://twitter.com/marksiet/status/1312225881633558529
https://twitter.com/SolarAnalytics/status/1312225876973625344
https://twitter.com/ResaleLot/status/1312225872271806470
https://twitter.com/futurism/status/1312225863371575299
https://twitter.com/Feni__Sam/status/1312225828948774912
https://twitter.com/MatchasmMatt/status/1312225764826329088
https://twitter.com/vador4IR/status/1312225727195025408
https://twitter.com/DrewTheSilent/status/1312225724057579520
https://twitter.com/ItzSierraaaa/status/1312225666117459968
https://twitter.com/fishnure/status/1312225663538073601
https://twitter.com/TechcraticNews/status/1312225634404442112
https://twitter.com/lcinkc2/status/1312225621678800896
https://twitter.com/Louisbotelho17/status/1312225615794384896
https://twitter.com/LibertyforA11/status/1312225607456092161
https://twitter.com/MarijuanaName/status/1312225565693415425
https://twitter.com/S_Padival/status/1312225556075671557
https://twitter.com/linchpinwanabe/status/1312225536354127872
https://twitter.com/ogxmill/status/1312225532499689472
https://twitter.com/1LoafOfMeat/status/1312225532176629760
https://twitter.com/JatinSa83247284/status/1312225531627151361
https://twitter.com/QuiteMeme/status/1312225504745857024
https://twitter.com/takeonme343/status/1312225501893730304
https://twitter.com/Dragoncius/status/1312225486769135617
https://twitter.com/regisberte/status/1312225451499286528
https://twitter.com/Feni__Sam/status/1312225375393476608
https://twitter.com/49secs/status/1312225343374348288
https://twitter.com/Dragoncius/status/1312225272691855368
https://twitter.com/bottingkruger/status/1312225269118246913
https://twitter.com/bottingkruger/status/1312225267822161922
https://twitter.com/MakeMeMilliona2/status/1312225260251443201
https://twitter.com/saf/status/1312225196204457984
https://twitter.com/MatySwag23/status/1312225186763112453
https://twitter.com/TheRealSolai/status/1312225097936072704
https://twitter.com/Ray76519073/status/1312225059839389698
https://twitter.com/faisal_parla/status/1312225056265732099
https://twitter.com/Joshalots/status/1312224976838172672
https://twitter.com/coco_gh/status/1312224964280487938
https://twitter.com/cassieesanchez/status/1312224945108258822
https://twitter.com/samuelodusami/status/1312224930315079681
https://twitter.com/TallPaul612/status/1312224927634857984
https://twitter.com/guttenhouse/status/1312224912262610944
https://twitter.com/321FlaSTEMEd/status/1312224891454844928
https://twitter.com/MisterG_8/status/1312224857845895169
https://twitter.com/aizaahashmi/status/1312224846747561984
https://twitter.com/MrDeepak87/status/1312224814761824261
https://twitter.com/MelbTeslaMatt/status/1312224719077167105
https://twitter.com/DeusXLuhan/status/1312224700035223552
https://twitter.com/investallion/status/1312224682620329984
https://twitter.com/LtColLinkarski/status/1312224676005834753
https://twitter.com/guselectric/status/1312224664291291136
https://twitter.com/Tata66096244/status/1312224624202125319
https://twitter.com/oxygencdcom/status/1312224615905648641
https://twitter.com/PageOne_NG/status/1312224568828997635
https://twitter.com/LioLovato/status/1312224566194790400
https://twitter.com/cZindirella/status/1312224544766164996
https://twitter.com/davidb_chrisal/status/1312224502500085762
https://twitter.com/NcrPollution/status/1312224460225863680
https://twitter.com/darthduster/status/1312224344815226880
https://twitter.com/BookistNati/status/1312224326154940416
https://twitter.com/HTAutotweets/status/1312224306470895616
https://twitter.com/RuttasRommi/status/1312224166549037057
https://twitter.com/_mayfer_/status/1312224140183572480
https://twitter.com/NitwitOnFinTwit/status/1312224019144339456
https://twitter.com/massi19899/status/1312224015742894080
https://twitter.com/Wilfred46457246/status/1312223921111027714
https://twitter.com/carona_m/status/1312223877230063623
https://twitter.com/rituparnasarm10/status/1312223741816971266
https://twitter.com/LtColLinkarski/status/1312223676901679104
https://twitter.com/nickbultman26/status/1312223639958216705
https://twitter.com/aVT_II/status/1312223625450147840
https://twitter.com/cassieesanchez/status/1312223595800666113
https://twitter.com/RlyGudTechDeals/status/1312223595305881603
https://twitter.com/EliBurton_/status/1312223551764668416
https://twitter.com/xDreamCoding/status/1312223543510343680
https://twitter.com/PonderosaOHJC/status/1312223513495957504
https://twitter.com/Elisabe09456260/status/1312223492159537152
https://twitter.com/the_antrik/status/1312223478339301376
https://twitter.com/mapache4x4/status/1312223422487777280
https://twitter.com/Michael01996367/status/1312223346247909376
https://twitter.com/StephanieLinae/status/1312223297858347009
https://twitter.com/NewCladina/status/1312223273061683200
https://twitter.com/Cadillac_Spills/status/1312223238034878464
https://twitter.com/pranjalmandal07/status/1312223197496967168
https://twitter.com/RyanBorgerMusic/status/1312223120883933184
https://twitter.com/MizJette/status/1312223113229201408
https://twitter.com/10hazen/status/1312223029662044163
https://twitter.com/AlexMaferr/status/1312223028651208705
https://twitter.com/TerryKerat/status/1312223016710008832
https://twitter.com/cassieesanchez/status/1312222999483805697
https://twitter.com/CongC/status/1312222985441300480
https://twitter.com/IKarurosu_/status/1312222961563168769
https://twitter.com/RlyGudTechDeals/status/1312222950620360705
https://twitter.com/amnglobalmedia/status/1312222948732829698
https://twitter.com/BMORE_AMN/status/1312222947835351040
https://twitter.com/Klp168/status/1312222906877833216
https://twitter.com/ParashBorthakur/status/1312222901395877888
https://twitter.com/JohNostalg/status/1312222895595163648
https://twitter.com/ebonylord22/status/1312222885885419520
https://twitter.com/fernando888001/status/1312222847411073024
https://twitter.com/MatySwag23/status/1312222845955723265
https://twitter.com/MatySwag23/status/1312222837025972224
https://twitter.com/Jacktran8881/status/1312222820089294850
https://twitter.com/MatySwag23/status/1312222810337677314
https://twitter.com/JMMZHerrera/status/1312222808282288129
https://twitter.com/M2daKO/status/1312222793216516096
https://twitter.com/RlyGudTechDeals/status/1312222760647692289
https://twitter.com/norb_santiago/status/1312222692645523456
https://twitter.com/WholeMarsBlog/status/1312222692213313536
https://twitter.com/shangguanyue197/status/1312222682323316736
https://twitter.com/RlyGudTechDeals/status/1312222646537420801
https://twitter.com/Teslastic/status/1312222633585455105
https://twitter.com/pepetideo/status/1312222617433182209
https://twitter.com/TTr6r/status/1312222606779654144
https://twitter.com/LordMazdamundi/status/1312222584893698054
https://twitter.com/criesiinspanish/status/1312222549238075397
https://twitter.com/JMMZHerrera/status/1312222495592726529
https://twitter.com/vompyfn/status/1312222491117576192
https://twitter.com/coco_gh/status/1312222456288075777
https://twitter.com/HeruOforiatta/status/1312222441587040257
https://twitter.com/RlyGudTechDeals/status/1312222417524326400
https://twitter.com/Teslastic/status/1312222393486708738
https://twitter.com/LorenzatoJorge/status/1312222287484121089
https://twitter.com/ButteredFeline/status/1312222258220470272
https://twitter.com/shangguanyue197/status/1312222236024156163
https://twitter.com/Fer_Mtz_69/status/1312222195649662977
https://twitter.com/tesla_pup/status/1312222195477667842
https://twitter.com/imJohnyS/status/1312222175995273216
https://twitter.com/Mike27582698/status/1312222166910468097
https://twitter.com/EvaFoxU/status/1312222137357303809
https://twitter.com/EnglishMossop/status/1312222085742116864
https://twitter.com/jaminwestby/status/1312221991789826050
https://twitter.com/ParashBorthakur/status/1312221954686943233
https://twitter.com/FrEe_thiNKerSS/status/1312221937276461056
https://twitter.com/sally_alcot/status/1312221899880050689
https://twitter.com/sammyhsieh/status/1312221830418104321
https://twitter.com/Sir_Vickz/status/1312221801900961793
https://twitter.com/supcat/status/1312221797794803713
https://twitter.com/businessinsider/status/1312221792157736960
https://twitter.com/321FlaSTEMEd/status/1312221764026589187
https://twitter.com/HHinde1/status/1312221735576625153
https://twitter.com/jillsssssss/status/1312221735022923777
https://twitter.com/Teslastic/status/1312221711752986625
https://twitter.com/Santillanes/status/1312221709630570497
https://twitter.com/321FlaSTEMEd/status/1312221688428457985
https://twitter.com/Teslatunity/status/1312221632191225863
https://twitter.com/Jacques23232/status/1312221593695784960
https://twitter.com/Klp168/status/1312221578097119232
https://twitter.com/JoshuaLagatta/status/1312221531192295425
https://twitter.com/LifeModel3/status/1312221498275295232
https://twitter.com/the1JonathanH/status/1312221482198675457
https://twitter.com/kalemial/status/1312221462040895489
https://twitter.com/crickowens/status/1312221455019540480
https://twitter.com/Sir_Vickz/status/1312221437323689984
https://twitter.com/DavidCossman/status/1312221380428140545
https://twitter.com/MatySwag23/status/1312221372551180289
https://twitter.com/MatySwag23/status/1312221366184280064
https://twitter.com/MatySwag23/status/1312221354159206402
https://twitter.com/MatySwag23/status/1312221342876528640
https://twitter.com/MatySwag23/status/1312221337742704641
https://twitter.com/MatySwag23/status/1312221335570001920
https://twitter.com/Teslatunity/status/1312221332008992768
https://twitter.com/sammyhsieh/status/1312221330322800641
https://twitter.com/Rizign/status/1312221317496668160
https://twitter.com/MatySwag23/status/1312221314007142400
https://twitter.com/MatySwag23/status/1312221308592234496
https://twitter.com/MatySwag23/status/1312221296537853952
https://twitter.com/MatySwag23/status/1312221286341455872
https://twitter.com/MatySwag23/status/1312221281559945216
https://twitter.com/MatySwag23/status/1312221274903588864
https://twitter.com/MatySwag23/status/1312221267643301888
https://twitter.com/MatySwag23/status/1312221265705537537
https://twitter.com/MatySwag23/status/1312221258881421318
https://twitter.com/MatySwag23/status/1312221250505277440
https://twitter.com/MatySwag23/status/1312221239994388480
https://twitter.com/MatySwag23/status/1312221232218214400
https://twitter.com/Chocola06204345/status/1312221206721056768
https://twitter.com/langejanne/status/1312221109299937281
https://twitter.com/Teslatunity/status/1312221101259476994
https://twitter.com/AlanaMFournet/status/1312221000168341507
https://twitter.com/ICannot_Enough/status/1312220925182517249
https://twitter.com/iamakshayab/status/1312220904101822464
https://twitter.com/BLKMDL3/status/1312220902180876288
https://twitter.com/Feni__Sam/status/1312220869939273728
https://twitter.com/jeffshepard/status/1312220853489164288
https://twitter.com/AuroraThaFirst/status/1312220718315245569
https://twitter.com/MatchasmMatt/status/1312220702733488130
https://twitter.com/Madmonsta1/status/1312220677005406208
https://twitter.com/superchargefeed/status/1312220638665474049
https://twitter.com/TheNbdyprtclr/status/1312220625369534466
https://twitter.com/NIONenad/status/1312220586253389826
https://twitter.com/kim_siever/status/1312220581568409600
https://twitter.com/lee37100686/status/1312220578674139137
https://twitter.com/coco_gh/status/1312220546554368000
https://twitter.com/BillStonks/status/1312220495912341506
https://twitter.com/samuelodusami/status/1312220494851080194
https://twitter.com/vicmont08/status/1312220494360457217
https://twitter.com/oren_clyde/status/1312220482788306944
https://twitter.com/stinkstonks/status/1312220480749797376
https://twitter.com/CryptoRocky/status/1312220467965521920
https://twitter.com/FredTJLove/status/1312220421501210630
https://twitter.com/KingAlec03/status/1312220413280182272
https://twitter.com/WR4NYGov/status/1312220315016200194
https://twitter.com/KonstruktiviNeo/status/1312220305910312961
https://twitter.com/PageOne_NG/status/1312220221042823170
https://twitter.com/Iam_Taimoor_/status/1312220200306171909
https://twitter.com/pampitabb/status/1312220108853514240
https://twitter.com/_The_Watson/status/1312220041400791041
https://twitter.com/AGent_IRL/status/1312220021733507072
https://twitter.com/AliSCorban/status/1312220001286455298
https://twitter.com/engintwt/status/1312219986962907137
https://twitter.com/ATX_fight_club/status/1312219948924760064
https://twitter.com/abond23_bond/status/1312219922697781249
https://twitter.com/gscullyf/status/1312219844889251841
https://twitter.com/unarchive/status/1312219784021372929
https://twitter.com/urs_trullie/status/1312219756821385216
https://twitter.com/ChiefHarsh77/status/1312219745689706496
https://twitter.com/eddiegigante/status/1312219744821370882
https://twitter.com/lobo_armand/status/1312219702274523139
https://twitter.com/earth_giga/status/1312219684889124864
https://twitter.com/shitcoinlord/status/1312219614810570753
https://twitter.com/waylon1889/status/1312219558552330240
https://twitter.com/oren_clyde/status/1312219546074390530
https://twitter.com/tesla_master/status/1312219495948193793
https://twitter.com/TSLAFanMtl/status/1312219463119507457
https://twitter.com/StonksBruh69/status/1312219462368542722
https://twitter.com/games_dads/status/1312219426859687936
https://twitter.com/Josephteoh8888/status/1312219395121319937
https://twitter.com/kenwong181/status/1312219384878952450
https://twitter.com/IheartTesla/status/1312219299940102144
https://twitter.com/muncaster_david/status/1312219292058877952
https://twitter.com/vijaysajjan909/status/1312219258558980098
https://twitter.com/TruthSpeaksTS/status/1312219235729498113
https://twitter.com/Splashquatch/status/1312219206247645184
https://twitter.com/mojosusan/status/1312219172366159872
https://twitter.com/Feni__Sam/status/1312219169669038080
https://twitter.com/iGuy74236039/status/1312219130297278464
https://twitter.com/realjdburnett/status/1312219112890724352
https://twitter.com/j_shelat/status/1312219054237798400
https://twitter.com/RealScottHarms/status/1312219045001867264
https://twitter.com/FCORP3/status/1312219039448682496
https://twitter.com/JoshuaLagatta/status/1312219016681881604
https://twitter.com/gabosalazar21/status/1312219008473739264
https://twitter.com/JustinS58222218/status/1312218994338934784
https://twitter.com/derekinseattle/status/1312218982502424576
https://twitter.com/BigTaeng/status/1312218926353350656
https://twitter.com/InvisibleGlass/status/1312218921009897472
https://twitter.com/programasdatv2/status/1278361497886957574
https://twitter.com/amancalledscott/status/1312218821562904577
https://twitter.com/scottpidity/status/1312218774335033344
https://twitter.com/InvestmentDrone/status/1312218772837593088
https://twitter.com/IheartTesla/status/1312218767041142787
https://twitter.com/LManglore/status/1312218738012250112
https://twitter.com/stephfinebot/status/1312218735768473601
https://twitter.com/cjnixon2000/status/1312218715899850752
https://twitter.com/monitorluke/status/1312218712737366016
https://twitter.com/GodlikeBeeP/status/1312218572412854272
https://twitter.com/muncaster_david/status/1312218521091207168
https://twitter.com/whereistaryn/status/1312218514619535361
https://twitter.com/Maldorror/status/1312218488019333121
https://twitter.com/TherealArkHive/status/1312218477747470338
https://twitter.com/biogirl09/status/1312218422202245120
https://twitter.com/treetoptremor/status/1312218401151086593
https://twitter.com/3_2_Hoppin/status/1312218376782180352
https://twitter.com/InvisibleGlass/status/1312218332762906624
https://twitter.com/EasyGroupAsia/status/1312218332108472321
https://twitter.com/TylerDeniston/status/1312218321450868737
https://twitter.com/DearWall/status/1312218317848039425
https://twitter.com/ActualidadRT/status/1312218313066336257
https://twitter.com/vincent13031925/status/1312218292195487745
https://twitter.com/TurnerHunt/status/1312218255059234816
https://twitter.com/Mustang46L/status/1312218195948961792
https://twitter.com/enlighter1992/status/1312218110099746816
https://twitter.com/JorgeToscano05/status/1312218082497179649
https://twitter.com/VSGP_Inc/status/1312217975328473088
https://twitter.com/_ThatBoyRik_/status/1312217974791692289
https://twitter.com/PancakesTesla/status/1312217902637031424
https://twitter.com/mike27marino/status/1312217860543057921
https://twitter.com/JoshuaLagatta/status/1312217816699826176
https://twitter.com/Patri86592155/status/1312217784865165313
https://twitter.com/InvisibleGlass/status/1312217766133403650
https://twitter.com/_temo1234/status/1312217736399867904
https://twitter.com/epsunburst/status/1312217674580099073
https://twitter.com/Surfingcrypto/status/1312217661997289474
https://twitter.com/mfncuban/status/1312217643982696451
https://twitter.com/trader_blitz/status/1312217561652703233
https://twitter.com/petenfl22/status/1312217522146545664
https://twitter.com/devoid_of_life/status/1312217482556514304
https://twitter.com/IheartTesla/status/1312217460591013891
https://twitter.com/Abdlh_ylmz/status/1312217457034133504
https://twitter.com/Feni__Sam/status/1312217455821946881
https://twitter.com/Jamezggeq/status/1312217437983571970
https://twitter.com/JenBassAllen/status/1312217416584359936
https://twitter.com/Csquared_CC/status/1312217362955821056
https://twitter.com/AbdullaAlAleeli/status/1312217349798363136
https://twitter.com/1commakaze/status/1312217316017475585
https://twitter.com/lajornadaonline/status/1312217305988857856
https://twitter.com/InvisibleGlass/status/1312217294777524226
https://twitter.com/VinnieGRadio/status/1312217272199581697
https://twitter.com/theoperagoer/status/1312217245368504324
https://twitter.com/ekbiker/status/1312217196328751104
https://twitter.com/mithunoorath/status/1312217191496835072
https://twitter.com/chalaulait/status/1312217180927193089
https://twitter.com/virtuouspagan7/status/1312217128699920384
https://twitter.com/zeroshorts/status/1312217126044725251
https://twitter.com/Zuleimaschild/status/1312217086853292032
https://twitter.com/ZekeboyA/status/1312217072110272513
https://twitter.com/RengsecondEng/status/1312217065269260289
https://twitter.com/RYSSPTY/status/1312217064871014401
https://twitter.com/slater_trades/status/1312216982150885376
https://twitter.com/marketst0day/status/1312216976488452096
https://twitter.com/Patri86592155/status/1312216945098280961
https://twitter.com/EvaFoxU/status/1312216919198494721
https://twitter.com/Rhymeboy/status/1312216900336709632
https://twitter.com/DolarToday/status/1312216753154543617
https://twitter.com/TeslaTruckClub/status/1312216710280249345
https://twitter.com/DrManhattan777/status/1312216705079209986
https://twitter.com/Teslatunity/status/1312216651509555202
https://twitter.com/tasolomon6/status/1312216618160676864
https://twitter.com/harsimranbansal/status/1312216602851659776
https://twitter.com/1337az/status/1312216593397506048
https://twitter.com/Naseeruddinahm4/status/1312216590411165697
https://twitter.com/jaminwestby/status/1312216577475899394
https://twitter.com/mickeyschluter/status/1312216528884916224
https://twitter.com/marc_benton/status/1312216506852229122
https://twitter.com/arslanrpk4/status/1312216473490743297
https://twitter.com/lobo_armand/status/1312216419187126272
https://twitter.com/HordiqUz_News/status/1312216407317254145
https://twitter.com/teslaownersSV/status/1312216389998968832
https://twitter.com/robynkun/status/1312216354447978496
https://twitter.com/alternate917692/status/1312216338127970305
https://twitter.com/TeeNado658/status/1312216330200772609
https://twitter.com/mustyomarr/status/1312216281181876224
https://twitter.com/Aman6816/status/1312216280305332224
https://twitter.com/mitanidaisuke/status/1312216277344112640
https://twitter.com/UBI_NOW/status/1312216266396954626
https://twitter.com/f3_designer/status/1312216160151072769
https://twitter.com/pepetideo/status/1312216157219241987
https://twitter.com/fred_comstock/status/1312216143478747137
https://twitter.com/TonyCrisostomo/status/1312216139351482368
https://twitter.com/Lawrenc46929971/status/1312216114005385217
https://twitter.com/IheartTesla/status/1312216107177013249
https://twitter.com/MatchasmMatt/status/1312216088508207104
https://twitter.com/CBar1989/status/1312216088273252352
https://twitter.com/DawitDrizzy/status/1312216083776983040
https://twitter.com/ChiGuy999/status/1312216070443335680
https://twitter.com/sfteslaclub/status/1312216027938185217
https://twitter.com/teslaownersSV/status/1312215979334660097
https://twitter.com/BumrungradH/status/1311862070304862212
https://twitter.com/prathapanmaha/status/1312215954776973312
https://twitter.com/TeslaHouston/status/1312215907737894914
https://twitter.com/QuiXoTrY9/status/1312215905208684544
https://twitter.com/massi19899/status/1312215900523655169
https://twitter.com/harsimranbansal/status/1312215890520272896
https://twitter.com/Zafar73734765/status/1312215874405724160
https://twitter.com/TeslaOwnersEBay/status/1312215851940995076
https://twitter.com/keloke_RD/status/1312215804990025730
https://twitter.com/NeedTesla/status/1312215795951312896
https://twitter.com/AlexAnuzita/status/1312215790322556928
https://twitter.com/metmgmt22/status/1312215723389841410
https://twitter.com/frunkkitty/status/1312215712887234560
https://twitter.com/arslanrpk4/status/1312215668092096514
https://twitter.com/vincent13031925/status/1312215626283323393
https://twitter.com/IheartTesla/status/1312215597321650178
https://twitter.com/5hiverz/status/1312215559304429569
https://twitter.com/fred_comstock/status/1312215559241560064
https://twitter.com/JoshuaLagatta/status/1312215557718990852
https://twitter.com/EvaFoxU/status/1312215471345733632
https://twitter.com/luisearqs/status/1312215430786760704
https://twitter.com/Teslatunity/status/1312215392283025408
https://twitter.com/thisisconTejas/status/1312215387644194816
https://twitter.com/JohnnaCrider1/status/1312215323823677441
https://twitter.com/CleantechWatch/status/1312215306706640896
https://twitter.com/GabooAbogado/status/1312215296178962433
https://twitter.com/excusemygramma/status/1312215264650379265
https://twitter.com/TurismoVansMG/status/1312215183515774976
https://twitter.com/thisisconTejas/status/1312215095968108544
https://twitter.com/NewsAboutLife/status/1312215081313165312
https://twitter.com/Rainmakerfun1/status/1312215078003859457
https://twitter.com/InterurbanE/status/1312215050036232196
https://twitter.com/blkvisler/status/1312215045292482560
https://twitter.com/Kweyku/status/1312215021934395392
https://twitter.com/Ang_XoXo17/status/1312215019371655169
https://twitter.com/ParkerClovis/status/1312214973603483649
https://twitter.com/John32882368/status/1312214932935434240
https://twitter.com/pmf_gaviin/status/1312214918184095744
https://twitter.com/deedeesaurz/status/1312214876018753538
https://twitter.com/Teslatunity/status/1312214868443885569
https://twitter.com/JackieA36954169/status/1312214867982475267
https://twitter.com/skeptickled/status/1312214842317524993
https://twitter.com/EvaFoxU/status/1312214835694690305
https://twitter.com/realBlueberry52/status/1312214822872727552
https://twitter.com/dineshshetty179/status/1312214776659865600
https://twitter.com/ThomasN30186976/status/1312214774302744577
https://twitter.com/CytokineSignal/status/1312214762516705280
https://twitter.com/thisisconTejas/status/1312214726185639937
https://twitter.com/diana_pean/status/1312214674780217344
https://twitter.com/peteybz/status/1312214666320310272
https://twitter.com/voyagevixen/status/1312214630484176896
https://twitter.com/choebits/status/1312214600302030850
https://twitter.com/Vaskow_Duarte/status/1312214592865460224
https://twitter.com/naxu_riquelm/status/1312214567330566145
https://twitter.com/affiliatesapps/status/1312214556937129985
https://twitter.com/bentv_sh/status/1312214528327708672
https://twitter.com/thisisconTejas/status/1312214472782565376
https://twitter.com/Teslatunity/status/1312214415219937281
https://twitter.com/AnnouncementsIo/status/1312214376221351936
https://twitter.com/thisisconTejas/status/1312214331832975360
https://twitter.com/eddiegigante/status/1312214305048199168
https://twitter.com/thriveeachday/status/1312214287675387905
https://twitter.com/illuminadosad/status/1312214261544804357
https://twitter.com/alisailan5/status/1312214243769368576
https://twitter.com/NajahH/status/1312214242917969921
https://twitter.com/jerod_collins/status/1312214212773511168
https://twitter.com/Westygal/status/1312214158645968896
https://twitter.com/thisisconTejas/status/1312214144087584768
https://twitter.com/thisisconTejas/status/1312214102849191937
https://twitter.com/SteveHamel16/status/1312214082594848768
https://twitter.com/JRuiz7503/status/1312214067788959746
https://twitter.com/kelloggsboss/status/1312213966240710656
https://twitter.com/GasOff2/status/1312213947110494209
https://twitter.com/VIPortalINC/status/1312213919801331713
https://twitter.com/MargieDeese/status/1312213904316014593
https://twitter.com/TrevorVitamin/status/1312213902919307264
https://twitter.com/S_E_Downing/status/1312213875018743809
https://twitter.com/samdoty/status/1312213862922346497
https://twitter.com/Teslatunity/status/1312213851618725888
https://twitter.com/verge/status/1312213791803764736
https://twitter.com/JRamonLeone/status/1312213786720268302
https://twitter.com/lqdchkn/status/1312213758043803648
https://twitter.com/ayalaEdwing/status/1312213721100369920
https://twitter.com/khoafaise/status/1312213719317766146
https://twitter.com/xenophon112/status/1312213702205005824
https://twitter.com/SawyerMerritt/status/1312213688854573056
https://twitter.com/Volcomlancer/status/1312213685394259970
https://twitter.com/jollymampilly/status/1312213657963487232
https://twitter.com/99schnitzels/status/1312213657741213696
https://twitter.com/dbeautiful/status/1312213643463860231
https://twitter.com/_seaanenome/status/1312213553223401472
https://twitter.com/warchilin66/status/1312213537880596480
https://twitter.com/airdog19/status/1312213524278464513
https://twitter.com/EverAnkrom/status/1312213507077595136
https://twitter.com/Moneyhouse3/status/1312213503567032320
https://twitter.com/staceylynnehd/status/1312213461762412547
https://twitter.com/Naseeruddinahm4/status/1312213437380919298
https://twitter.com/Teslatunity/status/1312213435501867008
https://twitter.com/SawyerMerritt/status/1312213400622034944
https://twitter.com/Limpidliestish/status/1312213362797805570
https://twitter.com/RamZar1/status/1312213315108696064
https://twitter.com/programasdatv2/status/1278361497886957574
https://twitter.com/therealayyma/status/1312213301296689152
https://twitter.com/TESLORD1/status/1312213293184942082
https://twitter.com/marco7776/status/1312213256203759616
https://twitter.com/harsimranbansal/status/1312213253875929088
https://twitter.com/rbdressen/status/1312213253393539077
https://twitter.com/CarlosG84770988/status/1312213239371976704
https://twitter.com/dis7ant/status/1312213189778567168
https://twitter.com/321FlaSTEMEd/status/1312213179565404162
https://twitter.com/nopoetjustice/status/1312213155565559808
https://twitter.com/karchymiranda/status/1312213148493967360
https://twitter.com/StonksBruh69/status/1312213100574068738
https://twitter.com/BLKMDL3/status/1312213059524460544
https://twitter.com/sfbaycalifornia/status/1312213036615176198
https://twitter.com/HappyGa43047523/status/1312213033909850112
https://twitter.com/engintwt/status/1312212985218121730
https://twitter.com/TrevorVitamin/status/1312212981342564353
https://twitter.com/angel_yamaha/status/1312212900266663936
https://twitter.com/US__News/status/1312212865483333633
https://twitter.com/TacosandTeslas/status/1312212849628831746
https://twitter.com/paulcourt101/status/1312212841848479745
https://twitter.com/voyagevixen/status/1312212832167981056
https://twitter.com/Westygal/status/1312212805248933888
https://twitter.com/PiZZaMaN2K/status/1312212760730587136
https://twitter.com/EdwardGofsky/status/1312212748705513472
https://twitter.com/republikaonline/status/1312212721077690368
https://twitter.com/BigTaeng/status/1312212719878041600
https://twitter.com/One_Percent1/status/1312212715188834306
https://twitter.com/vision_asset/status/1312212697027473408
https://twitter.com/3DNuts/status/1312212641377480705
https://twitter.com/karchymiranda/status/1312212608150245378
https://twitter.com/Feni__Sam/status/1312212608053768193
https://twitter.com/3dprintmars/status/1312212566764974080
https://twitter.com/DavidCossman/status/1312212540965834752
https://twitter.com/jerrycrespo10/status/1312212527627952129
https://twitter.com/imispgh/status/1312212497789714432
https://twitter.com/wincramer/status/1312212494388084740
https://twitter.com/BLKMDL3/status/1312212487362678784
https://twitter.com/realmichaelson/status/1312212484909006848
https://twitter.com/MeliManzo/status/1312212475266297857
https://twitter.com/frunkkitty/status/1312212381804584961
https://twitter.com/xanarina/status/1312212367543955456
https://twitter.com/SolarMasons/status/1312212335658844160
https://twitter.com/Ladas/status/1312212318369898496
https://twitter.com/johntoffi_24/status/1312212280612843520
https://twitter.com/ffddddfddddfddf/status/1312212261088317440
https://twitter.com/PME2717/status/1312212169438629888
https://twitter.com/AustintTexas/status/1312212156172005376
https://twitter.com/HappyGa43047523/status/1312212155383521281
https://twitter.com/photolap/status/1312212130293116931
https://twitter.com/Etiene0630/status/1312212121745125377
https://twitter.com/dhruvjyoti/status/1312212077939847168
https://twitter.com/MXJabroni/status/1312212058419548163
https://twitter.com/justin2698/status/1312212056716668928
https://twitter.com/bluehex311/status/1312212050295189505
https://twitter.com/gamer_caft/status/1312212001683197953
https://twitter.com/patrickbrown333/status/1312211999867039744
https://twitter.com/SharkRadioNet/status/1312211983702261760
https://twitter.com/MoryDiagne/status/1312211978551652352
https://twitter.com/n24_rf/status/1312211969126985729
https://twitter.com/slicethetomato/status/1312211940165349376
https://twitter.com/avonstaco/status/1312211928865894402
https://twitter.com/placebo_141622/status/1312211915859320832
https://twitter.com/TacosandTeslas/status/1312211889825308673
https://twitter.com/Dizzyu_ri/status/1312211888927731713
https://twitter.com/dhruvjyoti/status/1312211852810543105
https://twitter.com/Ganesh_Sabari/status/1312211841024581632
https://twitter.com/TeslaPhx/status/1312211831679676416
https://twitter.com/harsimranbansal/status/1312211830190686208
https://twitter.com/gabosalazar21/status/1312211819109314560
https://twitter.com/hikingskiing/status/1312211804643225602
https://twitter.com/alanngroo/status/1312211780525940736
https://twitter.com/flyerandyp/status/1312211779951288321
https://twitter.com/TylerColvard/status/1312211762012254208
https://twitter.com/MatchasmMatt/status/1312211612904747008
https://twitter.com/t3n/status/1312211590985347072
https://twitter.com/teslasdude/status/1312211500656803843
https://twitter.com/gabosalazar21/status/1312211482885513217
https://twitter.com/sinceo61991/status/1312211458319474690
https://twitter.com/imispgh/status/1312211454745952257
https://twitter.com/BonsaiBonzai/status/1312211454305529856
https://twitter.com/samiaji/status/1312211451109498881
https://twitter.com/TheLoucokkj/status/1312211303298072576
https://twitter.com/number1slacker1/status/1312211301502836737
https://twitter.com/mowensmd/status/1312211293902794754
https://twitter.com/CarlosG84770988/status/1312211290954244097
https://twitter.com/JusticeRacca/status/1312211284994125824
https://twitter.com/isaixh_m/status/1312211263372443649
https://twitter.com/ETodayOnline1/status/1312211256418263040
https://twitter.com/BLKMDL3/status/1312211256124739586
https://twitter.com/emileeroweee/status/1312211194434912259
https://twitter.com/KruMP__/status/1312211122737410048
https://twitter.com/fps_tara/status/1312211109651177472
https://twitter.com/TeslaUnofficial/status/1312211105498894336
https://twitter.com/TheTechDoc1/status/1312211036309581827
https://twitter.com/arctechinc/status/1312211026125840384
https://twitter.com/jrosinski97/status/1312211023886127106
https://twitter.com/teslaliving/status/1312211023034683392
https://twitter.com/CNNBrBusiness/status/1312210993095737345
https://twitter.com/CarlosG84770988/status/1312210983738171393
https://twitter.com/Aysichuy/status/1312210974376554496
https://twitter.com/kaz69276221/status/1312210964788375554
https://twitter.com/SkydioHQ/status/1312210964478009345
https://twitter.com/abidmomin/status/1312210950649384962
https://twitter.com/teslaliving/status/1312210925735215104
https://twitter.com/rossy65/status/1312210923130507264
https://twitter.com/WerADDICTED/status/1312210902976921602
https://twitter.com/imispgh/status/1312210882097606657
https://twitter.com/BLKMDL3/status/1312210864519274501
https://twitter.com/EVmarketplace/status/1312210863663706112
https://twitter.com/Teslatunity/status/1312210852171325440
https://twitter.com/teslaliving/status/1312210828708388866
https://twitter.com/ProdigyParadox/status/1312210781174333440
https://twitter.com/TrevorVitamin/status/1312210768113229825
https://twitter.com/EthVegan/status/1312210767656099840
https://twitter.com/trader_blitz/status/1312210766783606785
https://twitter.com/WorldEnergyTrad/status/1312210763663192064
https://twitter.com/battery_news/status/1312210723267780608
https://twitter.com/abidmomin/status/1312210717936807936
https://twitter.com/carsonight/status/1312210704850587650
https://twitter.com/vision_asset/status/1312210656343388164
https://twitter.com/MatchasmMatt/status/1312210574336425986
https://twitter.com/youngxahlos/status/1312210545076969472
https://twitter.com/anxiety_mostly/status/1312210517402951680
https://twitter.com/tjwola/status/1312210465737465857
https://twitter.com/trag1r0/status/1312210440001183745
https://twitter.com/Aemon3428/status/1312210435987308547
https://twitter.com/ffddddfddddfddf/status/1312210355049824259
https://twitter.com/JeffTutorials/status/1312210304911040514
https://twitter.com/stephgammill/status/1312210281544650754
https://twitter.com/sshuklatweets/status/1312210277543288832
https://twitter.com/TeslaNapaValley/status/1312210277300006912
https://twitter.com/TeslaNapaValley/status/1312210275911651329
https://twitter.com/TeslaNapaValley/status/1312210271662792706
https://twitter.com/TonyLinkster/status/1312210248006995968
https://twitter.com/TylerChess/status/1312210234903982081
https://twitter.com/JohnRKent/status/1312210227337392128
https://twitter.com/ffddddfddddfddf/status/1312210214993580032
https://twitter.com/spicym_707/status/1312210157401563136
https://twitter.com/pacarkiseok/status/1312210141677121538
https://twitter.com/TeslaOwls/status/1312210059238150148
https://twitter.com/niknastaay/status/1312210037272530944
https://twitter.com/jiaerwang852g7x/status/1312209968192319488
https://twitter.com/amancalledscott/status/1312209936324026368
https://twitter.com/mafuyumaru/status/1312209935652986881
https://twitter.com/tinglytweets/status/1312209933065048064
https://twitter.com/IheartTesla/status/1312209929567006720
https://twitter.com/gxdia/status/1312209895245008896
https://twitter.com/AwesomeFinance1/status/1312209891419852800
https://twitter.com/davechensky/status/1312209874663608322
https://twitter.com/Pickenheim/status/1312209861199818752
https://twitter.com/shigekzishihara/status/1312209793344368640
https://twitter.com/Tweetermeyer/status/1312209712385908736
https://twitter.com/geladog_/status/1312209664411496448
https://twitter.com/DigitalColmer/status/1312209617699528704
https://twitter.com/PatrickAlphaC/status/1312209613459058688
https://twitter.com/ironmanpatriot2/status/1312209574405922816
https://twitter.com/321FlaSTEMEd/status/1312209557473509376
https://twitter.com/russ1mitchell/status/1312209549479211008
https://twitter.com/jerryandrada/status/1312209536501997568
https://twitter.com/Caleb24465612/status/1312209519078899712
https://twitter.com/DarkOriginW1/status/1312209517476630530
https://twitter.com/arovhsimin/status/1312209512531542016
https://twitter.com/ImWhoIm27629007/status/1312209501269880833
https://twitter.com/WearyOldMan/status/1312209484979167232
https://twitter.com/DirtyTesla/status/1312209472987652096
https://twitter.com/jackamac99/status/1312209471414824960
https://twitter.com/StockPuppet/status/1312209402435260417
https://twitter.com/ibogost/status/1312209357501681666
https://twitter.com/IheartTesla/status/1312209356096630784
https://twitter.com/Mannyamanapart1/status/1312209354532118529
https://twitter.com/TheHeathernaut/status/1312209320440782849
https://twitter.com/lovetoegg/status/1312209215021215747
https://twitter.com/ishiid/status/1312209211460251648
https://twitter.com/ishiid/status/1312209207236599808
https://twitter.com/DigitalColmer/status/1312209196247465991
https://twitter.com/Kim83rlin/status/1312209188467011584
https://twitter.com/xXWilderGamerXx/status/1312209152316375040
https://twitter.com/Kidv3/status/1312209150915473408
https://twitter.com/BronxieBgood/status/1312209109219831808
https://twitter.com/marcheb2/status/1312209040932368386
https://twitter.com/rainb3au/status/1312209015120695297
https://twitter.com/JeffGundIach/status/1312208993633267712
https://twitter.com/LizMichy/status/1312208991645130752
https://twitter.com/SMASHEXTRE/status/1312208979729149952
https://twitter.com/fewchas/status/1312208960431165440
https://twitter.com/brokeholder/status/1312208891363508224
https://twitter.com/ben_lake_13/status/1312208879900532736
https://twitter.com/120FPS/status/1312208849693102080
https://twitter.com/HappyGa43047523/status/1312208825940733953
https://twitter.com/AaronShaffer00/status/1312208763978346496
https://twitter.com/EcoTopicalNews/status/1312208761570746368
https://twitter.com/RupamWadibhasme/status/1312208717400600577
https://twitter.com/Ryanth3nerd/status/1312208715047604224
https://twitter.com/snorelion/status/1312208558335782912
https://twitter.com/HappyGa43047523/status/1312208517789437952
https://twitter.com/SaraJAwesome/status/1312208516501827584
https://twitter.com/Johnny70657424/status/1312208484000165888
https://twitter.com/Michael67562233/status/1312208436281524224
https://twitter.com/C_Swiney/status/1312208425762209793
https://twitter.com/stephen_lex/status/1312208394342678528
https://twitter.com/programasdatv2/status/1278361497886957574
https://twitter.com/247newsonline_/status/1312208377993330688
https://twitter.com/aruji_life/status/1312208354140286977
https://twitter.com/GlobalTaxSol/status/1312208346108227584
https://twitter.com/W3d3ct/status/1312208283583700992
https://twitter.com/BCienfuegos_/status/1312208222573350912
https://twitter.com/BRISEFSU/status/1312208201840906240
https://twitter.com/gayatrishah/status/1312208122816069638
https://twitter.com/MrNix_11/status/1312208111730532352
https://twitter.com/SpaceNerdery/status/1312208106869329922
https://twitter.com/PyMarketWatch/status/1312208020466659328
https://twitter.com/mosko_mule/status/1312208019699036162
https://twitter.com/jsl_13/status/1312208016733728768
https://twitter.com/FelipeBuccianti/status/1312207994059251712
https://twitter.com/Johnny70657424/status/1312207990561202176
https://twitter.com/Carrie71237358/status/1312207979400228865
https://twitter.com/iivanovskii/status/1312207948286885888
https://twitter.com/mehmetvkizmaz/status/1312207937142616064
https://twitter.com/scidood/status/1312207906893225986
https://twitter.com/Barba_Metallica/status/1312207889377841157
https://twitter.com/DemianEbert/status/1312207866258882560
https://twitter.com/bj23air/status/1312207826828189698
https://twitter.com/NewsTodaysLive1/status/1312207761921372160
https://twitter.com/itswittek/status/1312207740312330241
https://twitter.com/justinpowellweb/status/1312207721152704512
https://twitter.com/Broremo/status/1312207675841630208
https://twitter.com/LizThatz/status/1312207669667655680
https://twitter.com/kirentanna/status/1312207650826850304
https://twitter.com/Hot_Glizzy_2_go/status/1312207606660788226
https://twitter.com/Deepa26836653/status/1312207591544504322
https://twitter.com/thointinator/status/1312207570346549248
https://twitter.com/cameronscryptos/status/1312207546141175808
https://twitter.com/thenextweb/status/1312207536066457600
https://twitter.com/GreyCrossStudio/status/1312207521780654085
https://twitter.com/seattletimes/status/1312207490369515523
https://twitter.com/pappas9999/status/1312207477597892608
https://twitter.com/VinodSai/status/1312207472224948225
https://twitter.com/Scotch_Dude/status/1312207449571512320
https://twitter.com/Moloch_NSX/status/1312207417866813441
https://twitter.com/FluBot_/status/1312207393133006848
https://twitter.com/Rupertcrack/status/1312207379484737536
https://twitter.com/spellcaster125/status/1312207364775239681
https://twitter.com/Cristia52763210/status/1312207319439011840
https://twitter.com/NeekMilI/status/1312207281635745792
https://twitter.com/steezyxsergio/status/1312207276757798913
https://twitter.com/NewzBoxOffice/status/1312207149620027392
https://twitter.com/kiddjj/status/1312207116732567554
https://twitter.com/jeremyjudkins/status/1312207086944575489
https://twitter.com/ash_honeey/status/1312207045328732160
https://twitter.com/ICannot_Enough/status/1312206972083560448
https://twitter.com/paulwiggins/status/1312206958741450752
https://twitter.com/Tweetermeyer/status/1312206944438947842
https://twitter.com/Neil_Yga/status/1312206878819012608
https://twitter.com/365_news24/status/1312206758517981186
https://twitter.com/moneycontrolcom/status/1312206736204406785
https://twitter.com/truetelangana/status/1312206687210803200
https://twitter.com/NekoStocks/status/1312206682311725056
https://twitter.com/jeanpierre0425/status/1312206664095784960
https://twitter.com/midwestmoviesus/status/1312206642344153089
https://twitter.com/2tonostrich/status/1312206628024848384
https://twitter.com/JAYDONGIEUX/status/1312206603811078144
https://twitter.com/Andrea10365876/status/1312206518532489216
https://twitter.com/kodywsmith/status/1312206478690775042
https://twitter.com/JeffsGarden/status/1312206458415509505
https://twitter.com/JeffsGarden/status/1312206456901361664
https://twitter.com/LindsayFultz/status/1312206456385531904
https://twitter.com/JaydaWas/status/1312206300760035328
https://twitter.com/PatrickAlphaC/status/1312206274168193024
https://twitter.com/Rizign/status/1312206238088744960
https://twitter.com/sova123k/status/1312206218287431680
https://twitter.com/glenmullet1/status/1312206168438108160
https://twitter.com/V_t_V_m/status/1312206073571418117
https://twitter.com/InsightfulT/status/1312206052767670278
https://twitter.com/babyjo_raz/status/1312206052620812288
https://twitter.com/eunnybae/status/1312206044739760129
https://twitter.com/JeffTutorials/status/1312206039689830401
https://twitter.com/lukeste99990409/status/1312206031083073536
https://twitter.com/n_teki_mania/status/1312205971599450113
https://twitter.com/jamesbuchanan27/status/1312205940800679936
https://twitter.com/ICannot_Enough/status/1312205933154455552
https://twitter.com/TechcraticNews/status/1312205912086466560
https://twitter.com/ImmanuelNotzri/status/1312205885070958592
https://twitter.com/iamokabi/status/1312205884227903490
https://twitter.com/tinglytweets/status/1312205869656895489
https://twitter.com/NewzBoxOffice/status/1312205866360139777
https://twitter.com/omg_tesla/status/1312205826510086145
https://twitter.com/CNNoveladay/status/1312205813394501632
https://twitter.com/Santillanes/status/1312205789302415360
https://twitter.com/StrivenB/status/1312205697531035648
https://twitter.com/AyannaCharlene/status/1312205696012750850
https://twitter.com/bizarro_jo/status/1312205667038498816
https://twitter.com/schlichting1103/status/1312205624432750592
https://twitter.com/superchargefeed/status/1312205602219728899
https://twitter.com/ItalyReferendum/status/1312205503506735105
https://twitter.com/SjvTesla/status/1312205497383047168
https://twitter.com/malloryxtsla/status/1312205491217428480
https://twitter.com/ByeonChansoo/status/1312205437576474624
https://twitter.com/Gaelic_Neilson/status/1312205372300554242
https://twitter.com/Claude_DM/status/1312205371960815616
https://twitter.com/dannyomo/status/1312205366466285568
https://twitter.com/yeonseo_52/status/1312205303228755975
https://twitter.com/programasdatv2/status/1278361497886957574
https://twitter.com/MaurcioAraujo14/status/1312205269254905856
https://twitter.com/hugwinn/status/1312205101684064258
https://twitter.com/WhatUpInSudbury/status/1312205079252922368
https://twitter.com/paulcourt101/status/1312205074509127680
https://twitter.com/Dan_KTA/status/1312205039495073793
https://twitter.com/tylerslullaby/status/1312204938420731904
https://twitter.com/Newszada1/status/1312204750201389056
https://twitter.com/Genyosai/status/1312204729682812930
https://twitter.com/Tweetermeyer/status/1312204712335171584
https://twitter.com/huskydog/status/1312204610124218368
https://twitter.com/gabriel_hussy/status/1312204608089980929
https://twitter.com/SueWisco/status/1312204596803059712
https://twitter.com/Fxndii_/status/1312204574413877248
https://twitter.com/CathG84806675/status/1312204513525129216
https://twitter.com/H2oBoyBoucher/status/1312204504335441920
https://twitter.com/gotpaidinamonth/status/1312204461746470915
https://twitter.com/NProniss/status/1312204273904574464
https://twitter.com/Gaelic_Neilson/status/1312204252916248581
https://twitter.com/jamesdouma/status/1312204228945797122
https://twitter.com/tjwola/status/1312204199820582913
https://twitter.com/Renegetstweet/status/1312204157231624192
https://twitter.com/Burakdosogluu/status/1312204142480244736
https://twitter.com/YtHowdy/status/1312204122477654016
https://twitter.com/Yacobe55/status/1312204105167695872
https://twitter.com/jeaniher/status/1312204047886155781
https://twitter.com/2Elyagomat/status/1312204037580701696
https://twitter.com/iskep/status/1312204027942191105
https://twitter.com/hey_suraj1/status/1312203996736573440
https://twitter.com/CryptoMatt8/status/1312203994542993408
https://twitter.com/Renegetstweet/status/1312203989077778434
https://twitter.com/partyshantelll/status/1312203967217111042
https://twitter.com/ShakCastro/status/1312203961521238016
https://twitter.com/salamah_shadi/status/1312203915425837056
https://twitter.com/powerroadmap/status/1312203851299131392
https://twitter.com/SineQuaNonLove/status/1312203844525322240
https://twitter.com/SomewhereCarr/status/1312203842570788868
https://twitter.com/andreabazil/status/1312203770487435267
https://twitter.com/mitesh_02/status/1312203741068587009
https://twitter.com/ShyCybertruck/status/1312203725637734401
https://twitter.com/truefactsbot/status/1312203724861784064
https://twitter.com/ColeSwan/status/1312203721498005504
https://twitter.com/JPUConn/status/1312203685045264385
https://twitter.com/facts_tesla/status/1312203655152463873
https://twitter.com/PelletierJake/status/1312203596050563075
https://twitter.com/strong9percent/status/1312203581559238656
https://twitter.com/quinnelise_/status/1312203538336944129
https://twitter.com/Renegetstweet/status/1312203478593269762
https://twitter.com/Galen_Zeravam/status/1312203409856983040
https://twitter.com/loliespeon/status/1312203408221204481
https://twitter.com/tupadreway/status/1312203396368101377
https://twitter.com/NicaNws/status/1312203375732088833
https://twitter.com/teslaliving/status/1312203363581190144
https://twitter.com/MotherCabriniNY/status/1312203333331902464
https://twitter.com/CloakMary/status/1312203296354922502
https://twitter.com/theasianfindom_/status/1312203289887346688
https://twitter.com/ITSTES88/status/1312203284015312897
https://twitter.com/CNBC/status/1312203281616134150
https://twitter.com/chuyod7/status/1312203268018196481
https://twitter.com/teslaliving/status/1312203262083305472
https://twitter.com/IdeasPrime/status/1312203216990269440
https://twitter.com/MotorpasionMex/status/1312203213983145986
https://twitter.com/TheNbdyprtclr/status/1312203166734143489
https://twitter.com/BrasilCrypto1/status/1312203134693859329
https://twitter.com/brandi_yas/status/1312203127517376512
https://twitter.com/tuskitty/status/1312203047951507462
https://twitter.com/facts_tesla/status/1312202987322761216
https://twitter.com/tempodotco/status/1312202974274314241
https://twitter.com/bear_ofblack/status/1312202950261919746
https://twitter.com/eddiegigante/status/1312202938379509762
https://twitter.com/markus_auto/status/1312202923653255168
https://twitter.com/RyanAt76/status/1312202902841090049
https://twitter.com/CryptoHass/status/1312202771400015872
https://twitter.com/aviiianab/status/1312202746083250176
https://twitter.com/ClaudiusWeise/status/1312202691330801664
https://twitter.com/Jess_StayGolden/status/1312202691095846912
https://twitter.com/regonzalezc/status/1312202624708427777
https://twitter.com/AmbitiousMotion/status/1312202610208698368
https://twitter.com/JackieA36954169/status/1312202608870780929
https://twitter.com/ShyCybertruck/status/1312202556651630593
https://twitter.com/gamespotting/status/1312202551043866635
https://twitter.com/MovieJimmy/status/1312202476783726592
https://twitter.com/TheDireBarbwire/status/1312202475865165824
https://twitter.com/CryptoCX1/status/1312202428121403394
https://twitter.com/eddiegigante/status/1312202408039084034
https://twitter.com/tuskitty/status/1312202370776924160
https://twitter.com/FreiherrvonRic1/status/1312202363109662721
https://twitter.com/sh_lbytaylor/status/1312202306134241280
https://twitter.com/muralipiyer/status/1312202295065505792
https://twitter.com/MatiRuizmdz/status/1312202219945512962
https://twitter.com/lerois0leil/status/1312202200307777536
https://twitter.com/devilgala007/status/1312202182062559232
https://twitter.com/cpurmal/status/1312202139163262976
https://twitter.com/ShyCybertruck/status/1312202134536896512
